928439,Tzir Aluf,Luella
578709,Tat Aluf,Hilarius
582912,Aluf,Lavinia
642395,Rav Seren,Mathew
384405,Tat Aluf,Pearla
792972,Sgan Aluf Mishne,Eula
267015,Seren,Kaile
213641,Tat Aluf,Cristen
879846,Seren,Bamby
304076,Seren,Kurtis
550359,Tzir Aluf,Dory
609724,Sgan Aluf Bakhir,Octavia
625895,Sgan Aluf,Kaia
953157,Sgan Aluf Mishne,Nichole
144295,Aluf,Sollie
355771,Sgan Aluf Mishne,Lurleen
544958,Aluf Mishne,Adiana
478240,Rav Seren,Rene
656713,Sgan Aluf,Johna
524562,Rav Seren,Stevy
884241,Sgan Aluf Mishne,Cornie
356618,Sgan Aluf Bakhir,Lawry
484253,Sgan Aluf Bakhir,Cathy
914770,Aluf,Aggie
454331,Aluf Mishne,Lurette
327736,Sgan Aluf Bakhir,Edd
103292,Rav Seren,Harald
519019,Aluf,Shae
467743,Aluf Mishne,Carey
957701,Seren,Edith
112904,Sgan Aluf Mishne,Kiersten
847636,Seren,Deanne
909660,Aluf,Pippa
728649,Tzir Aluf,Nanine
937903,Tzir Aluf,Joline
651457,Aluf,Ambros
600860,Rav Seren,Elyse
401706,Aluf Mishne,Ingaborg
216100,Tzir Aluf,Janine
972590,Rav Seren,Willamina
639125,Tzir Aluf,Reg
952874,Sgan Aluf Bakhir,Elmore
148338,Seren,Parnell
357674,Rav Seren,Ron
370613,Sgan Aluf Mishne,Lacy
611985,Sgan Aluf Mishne,Marjory
170359,Tzir Aluf,Cordie
761607,Sgan Aluf,Gus
750980,Aluf,Larine
158014,Aluf,Lanita
886696,Sgan Aluf,Francklyn
276494,Tat Aluf,Stevana
167271,Aluf Mishne,Glendon
676352,Sgan Aluf Bakhir,Clim
223017,Tzir Aluf,Ezechiel
554067,Sgan Aluf,Maria
300069,Seren,Briant
515783,Seren,Granville
846154,Sgan Aluf Mishne,Jenine
446528,Sgan Aluf,Maggie
662186,Tzir Aluf,Shaylynn
303233,Sgan Aluf Mishne,Rick
506642,Sgan Aluf,Rafaela
178363,Sgan Aluf,Doroteya
329412,Aluf Mishne,Alena
946991,Sgan Aluf Mishne,Beatriz
895281,Sgan Aluf Bakhir,Russ
972801,Rav Seren,Sybille
637861,Sgan Aluf Bakhir,Chariot
418263,Aluf,Reidar
183403,Rav Seren,Rudolph
271924,Aluf,Oran
309097,Tzir Aluf,Wildon
165232,Seren,Etienne
414734,Aluf,Pepito
315933,Sgan Aluf,Winni
590249,Aluf,Robena
185542,Seren,Hayward
445686,Sgan Aluf Bakhir,Carolyn
406119,Sgan Aluf Mishne,Pate
843280,Sgan Aluf Bakhir,Helen-elizabeth
963974,Aluf,Livy
958126,Aluf,Maris
348764,Rav Seren,Florry
701724,Aluf Mishne,Gerri
171338,Tzir Aluf,Bernetta
397246,Sgan Aluf Bakhir,Tulley
749839,Tat Aluf,Ritchie
319989,Sgan Aluf,Susie
386241,Sgan Aluf Bakhir,Martin
344947,Sgan Aluf Mishne,Reggie
744457,Aluf Mishne,Conway
864262,Sgan Aluf Mishne,Ivett
207671,Seren,Brooks
193491,Tzir Aluf,Gae
355904,Sgan Aluf Mishne,Trevor
402671,Rav Seren,Sherlock
700918,Sgan Aluf Bakhir,Sharia
887930,Sgan Aluf Mishne,Marika
841322,Rav Seren,Ruprecht
839191,Aluf Mishne,Ettore
791999,Sgan Aluf Bakhir,Tish
915594,Sgan Aluf,Keefe
306518,Aluf Mishne,Vidovic
417088,Sgan Aluf,Kaine
989612,Seren,Doroteya
429941,Aluf Mishne,Cissy
481414,Aluf Mishne,Shaughn
225988,Tat Aluf,Cate
110008,Sgan Aluf Mishne,Joyann
892635,Tat Aluf,Moishe
334443,Rav Seren,Goldi
475639,Seren,Deni
587312,Tzir Aluf,Kameko
669972,Tzir Aluf,Alberto
208928,Seren,Chelsie
348497,Aluf,Gay
819766,Rav Seren,Karole
596775,Tat Aluf,Ingmar
589359,Rav Seren,Zelda
941476,Seren,Obed
769122,Aluf Mishne,Kristo
247652,Sgan Aluf,Sasha
234335,Aluf,Elnora
126377,Seren,Zane
429246,Sgan Aluf,Linnell
969463,Aluf,Zola
102249,Aluf Mishne,Ardys
286215,Seren,Sophey
775554,Tat Aluf,Sibelle
859268,Sgan Aluf Bakhir,Taddeo
353396,Seren,Rancell
976160,Tat Aluf,Cyndi
581735,Tat Aluf,Jackelyn
586380,Seren,Lannie
926985,Rav Seren,Matty
559359,Rav Seren,Dory
777435,Sgan Aluf Bakhir,Dela
848848,Sgan Aluf Bakhir,Gregoor
995393,Aluf Mishne,Derron
350928,Sgan Aluf Bakhir,Dotty
259744,Aluf,Gustaf
764435,Sgan Aluf,Ray
572268,Tat Aluf,Yorker
511886,Tzir Aluf,Shina
823583,Sgan Aluf,Steven
832060,Sgan Aluf Mishne,Brandice
489512,Sgan Aluf Bakhir,Alford
652269,Aluf Mishne,Desiree
278525,Sgan Aluf,Blane
673857,Sgan Aluf,Nate
691157,Sgan Aluf Mishne,Lloyd
136587,Sgan Aluf Mishne,Verna
517854,Sgan Aluf Mishne,Lisa
191050,Tzir Aluf,Jacqui
240045,Tat Aluf,Carilyn
413592,Sgan Aluf,Cordi
235722,Sgan Aluf,Rosabelle
826570,Tzir Aluf,Jaime
639030,Rav Seren,Anthony
997995,Aluf,Ebonee
344055,Sgan Aluf Bakhir,Monty
489802,Sgan Aluf Mishne,Leese
659117,Sgan Aluf Bakhir,Ardisj
611878,Sgan Aluf Mishne,Garv
202987,Aluf Mishne,Jesus
949546,Aluf,Fred
901752,Aluf,Carlene
298157,Sgan Aluf,Luci
377968,Sgan Aluf,Merci
982517,Tat Aluf,Persis
504004,Seren,Colene
201919,Aluf,Leon
615896,Tzir Aluf,Rene
173555,Tzir Aluf,Jude
835821,Aluf Mishne,Sandro
763914,Sgan Aluf,Carlyle
110932,Tzir Aluf,Aldwin
104678,Sgan Aluf Bakhir,Harris
954456,Sgan Aluf Bakhir,Deeanne
494066,Tzir Aluf,Monroe
694786,Sgan Aluf Mishne,Noe
733629,Aluf,Liuka
465076,Aluf,Rosco
191743,Sgan Aluf Bakhir,Wyn
347525,Sgan Aluf,Keeley
183224,Seren,Nobe
236798,Aluf,Aluino
367488,Aluf,Myrta
973450,Rav Seren,Alonzo
415666,Aluf Mishne,Bambi
553081,Rav Seren,Jocelin
847552,Aluf,Nelson
653971,Rav Seren,Jesse
739079,Aluf Mishne,Shayne
271254,Sgan Aluf Mishne,Emeline
714294,Sgan Aluf Mishne,Roberto
870247,Sgan Aluf,Karney
982497,Aluf,Iggy
698817,Tzir Aluf,Nelle
